country,id,year,lat,lon,yield
ussr,1,1949,50.44,77.82,22
ussr,2,1950,50,78,0
ussr,3,1951,50,78,38.3
ussr,4,1951,50,78,42
ussr,5,1953,50,78,400
ussr,6,1953,50,78,28
ussr,7,1953,50,78,5.8
ussr,8,1953,50,78,1.6
ussr,9,1953,50,78,4.9
ussr,10,1954,52.6,52.84,40
ussr,11,1954,50,78,0.2
ussr,12,1954,50,78,0.03
ussr,13,1954,50,78,2
ussr,14,1954,50,78,4
ussr,15,1954,50,78,0.8
ussr,16,1954,50,78,0.001
ussr,17,1954,50,78,62
ussr,18,1954,50,78,2.8
ussr,19,1954,50,78,10
ussr,21,1955,50,78,1.3
ussr,22,1955,50,78,12
ussr,23,1955,50,78,1.2
ussr,24,1955,70.7,54.56,3.5
ussr,25,1955,50,78,0
ussr,26,1955,50,78,250
ussr,27,1955,50,78,1600
ussr,28,1956,46,62,0.3
ussr,29,1956,50,78,14
ussr,30,1956,50,78,5.5
ussr,31,1956,50,78,27
ussr,32,1956,50,78,900
ussr,33,1956,50,78,51
ussr,34,1956,50,78,38
ussr,35,1956,50,78,900
ussr,36,1956,50,78,40
ussr,37,1957,49,46,10
ussr,38,1957,50,78,19
ussr,39,1957,50,78,42
ussr,40,1957,50,78,57
ussr,41,1957,50,78,680
ussr,42,1957,50,78,22
ussr,43,1957,50,78,320
ussr,44,1957,50,78,520
ussr,45,1957,50,78,0.1
ussr,46,1957,70.69,54.8,32
ussr,47,1957,50,78,5.9
ussr,48,1957,73,55,1600
ussr,49,1957,50,78,13
ussr,50,1957,73,55,2900
ussr,51,1957,70.7,54.56,6
ussr,52,1957,50,78,12
ussr,53,1958,50,78,1.3
ussr,54,1958,50,78,0.5
ussr,55,1958,73,55,860
ussr,56,1958,73,55,250
ussr,57,1958,73,55,1500
ussr,58,1958,50,78,1.2
ussr,59,1958,50,78,0
ussr,60,1958,50,78,35
ussr,61,1958,73,55,40
ussr,62,1958,50,78,14
ussr,63,1958,50,78,0
ussr,64,1958,50,78,0.16
ussr,65,1958,50,78,12
ussr,66,1958,73,55,650
ussr,67,1958,50,78,18
ussr,68,1958,73,55,1200
ussr,69,1958,73,55,900
ussr,70,1958,73,55,290
ussr,71,1958,73,55,40
ussr,72,1958,73,55,9
ussr,73,1958,73,55,15
ussr,74,1958,73,55,5.5
ussr,75,1958,73,55,68
ussr,76,1958,74.93,53.32,1450
ussr,77,1958,74,51.8,1500
ussr,78,1958,73.97,52.47,2900
ussr,79,1958,73,55,40
ussr,80,1958,73,55,0.001
ussr,81,1958,73,55,440
ussr,82,1958,73,55,2
ussr,83,1958,73.53,53.1,2800
ussr,84,1958,73.68,54.97,1000
ussr,85,1958,73,55,190
ussr,86,1958,73,55,0.05
ussr,87,1958,49,46,10
ussr,88,1958,49,46,10
ussr,89,1961,50,78,16
ussr,90,1961,50.45,77.74,9
ussr,91,1961,50.45,77.74,16
ussr,92,1961,50,78,1.1
ussr,93,1961,48.45,44.3,10.5
ussr,94,1961,50,78,0.38
ussr,95,1961,74.2,52.5,2700
ussr,96,1961,70.7,54.6,12
ussr,97,1961,50,78,0.88
ussr,98,1961,50,78,0.3
ussr,99,1961,74.2,52.1,1150
ussr,100,1961,70.87,53.33,6
ussr,101,1961,50.45,77.75,10
ussr,102,1961,50.35,77.82,0.4
ussr,103,1961,74.6,51.1,1200
ussr,104,1961,74,51.9,830
ussr,105,1961,50.45,77.75,21
ussr,106,1961,74,52,1000
ussr,107,1961,50,78,0.004
ussr,108,1961,50,78,0.75
ussr,109,1961,50,78,0.03
ussr,110,1961,50,78,4.8
ussr,111,1961,73.52,54.3,1500
ussr,112,1961,50.33,77.7,0.8
ussr,113,1961,73.52,54.3,260
ussr,114,1961,50.45,77.75,1.2
ussr,115,1961,50,78,3
ussr,116,1961,73.92,54.55,250
ussr,117,1961,50.44,77.76,13
ussr,118,1961,73.7,53.8,3000
ussr,119,1961,74.3,51.6,4000
ussr,120,1961,48.45,44.3,40
ussr,121,1961,70.7,54.6,15
ussr,122,1961,49.77389,77.98861,1
ussr,123,1961,50.45,77.75,15
ussr,124,1961,50.45,77.75,6.6
ussr,125,1961,50.45,77.75,10
ussr,126,1961,73.8,53.2,1450
ussr,127,1961,70.7,54.56,4.8
ussr,128,1961,73.9,53.8,12500
ussr,129,1961,73.52,54.3,300
ussr,130,1961,50,78,0.5
ussr,131,1961,70.7,54.67,16
ussr,132,1961,49,46,1.2
ussr,133,1961,49,46,1.2
ussr,134,1961,50,78,0.09
ussr,135,1961,73.8,53.5,58000
ussr,136,1961,73.6,56.2,5000
ussr,137,1961,73,55,400
ussr,138,1961,50,78,2.7
ussr,139,1961,73,55,120
ussr,140,1961,73,55,280
ussr,141,1961,50,78,0.6
ussr,142,1961,50,78,0.001
ussr,143,1961,50,78,0.9
ussr,144,1961,73,55,15
ussr,145,1961,73.7,55.7,1500
ussr,146,1961,73,55,6
ussr,147,1961,50,78,0.2
ussr,148,1962,49.785,77.99694,15
ussr,149,1962,50,78,2.4
ussr,150,1962,50,78,1.6
ussr,151,1962,50,78,3.8
ussr,152,1962,74.2,52.5,21100
ussr,153,1962,50,78,9.9
ussr,154,1962,73,55,400
ussr,155,1962,50,78,7.4
ussr,156,1962,50,78,5.8
ussr,157,1962,74.3,51.5,2800
ussr,158,1962,50,78,23
ussr,159,1962,74,53.3,1600
ussr,160,1962,73,55,6
ussr,161,1962,50,78,3
ussr,162,1962,50,78,2.5
ussr,163,1962,50,78,1
ussr,164,1962,73,55,10000
ussr,165,1962,74.7,50.3,4200
ussr,166,1962,50,78,11
ussr,167,1962,50,78,2.7
ussr,168,1962,73,55,80
ussr,169,1962,50,78,0
ussr,170,1962,73.7,53.8,1900
ussr,171,1962,74.4,51.5,3100
ussr,172,1962,74.2,51.6,3250
ussr,173,1962,73.2,54.7,1350
ussr,174,1962,50,78,10
ussr,175,1962,73.8,53.8,10000
ussr,176,1962,73,55,2400
ussr,177,1962,50,78,0.21
ussr,178,1962,50,78,1.2
ussr,179,1962,50,78,7
ussr,180,1962,73.7,55,19100
ussr,181,1962,74.3,52.4,20000
ussr,182,1962,50,78,1.3
ussr,183,1962,73,55,320
ussr,184,1962,50,78,8
ussr,185,1962,73,55,15
ussr,186,1962,50,78,9.2
ussr,187,1962,50,78,4.9
ussr,188,1962,50,78,10
ussr,189,1962,50,78,6.7
ussr,190,1962,49,46,300
ussr,191,1962,73.4,54.9,8200
ussr,192,1962,73,55,260
ussr,193,1962,50,78,7.8
ussr,194,1962,49,46,300
ussr,195,1962,50,78,7.8
ussr,196,1962,73,55,360
ussr,197,1962,50,78,1.2
ussr,198,1962,73,55,280
ussr,199,1962,50,78,10
ussr,200,1962,73,55,240
ussr,201,1962,49,46,300
ussr,202,1962,50,78,3
ussr,203,1962,73,55,390
ussr,204,1962,73,55,45
ussr,205,1962,50,78,4.7
ussr,206,1962,50,78,8.4
ussr,207,1962,50,78,0.4
ussr,208,1962,50,78,0.1
ussr,209,1962,50,78,0.001
ussr,210,1962,50,78,12
ussr,211,1962,50,78,18
ussr,212,1962,50,78,0.001
ussr,213,1962,50,78,0.031
ussr,214,1962,50,78,2.4
ussr,215,1962,73,55,110
ussr,216,1962,73,55,69
ussr,217,1962,73,55,8.3
ussr,218,1962,73,55,6.3
ussr,219,1962,73,55,430
ussr,220,1962,73,55,8.3
ussr,221,1962,73,55,2.4
ussr,222,1962,50,78,0.001
ussr,223,1962,50,78,0.007
ussr,224,1962,50,78,0.028
ussr,225,1962,74.2,52.3,1100
ussr,226,1962,73.6,57.5,24200
ussr,227,1962,73.4,56.5,3100
ussr,228,1962,73,55,8.5
ussr,229,1964,49.82083,78.09861,37
ussr,230,1964,49.81778,78.09389,23.7
ussr,231,1964,49.77472,77.98806,1.6
ussr,232,1964,49.815,78.09306,26
ussr,233,1964,49.82056,78.08194,0.07
ussr,234,1964,73.667,54.533,2
ussr,236,1964,73.387,54.985,20
ussr,237,1964,49.81389,78.13361,47
ussr,238,1965,49.935,79.00936,140
ussr,239,1965,49.77306,77.99139,44
ussr,240,1965,49.82972,78.0575,27
ussr,241,1965,49.77472,77.98806,0.06
ussr,242,1965,52.9,56.5,2.3
ussr,243,1965,52.9,56.5,2.3
ussr,244,1965,49.77306,77.99139,14
ussr,245,1965,52.9,56.5,7.6
ussr,246,1965,49.83056,78.05778,24
ussr,247,1965,49.785,77.99694,1.1
ussr,248,1965,49.81722,78.1425,15
ussr,249,1965,49.83056,78.10139,29
ussr,250,1965,49.99064,77.63572,1.1
ussr,251,1965,49.82833,78.05972,29
ussr,252,1965,49.81167,78.1075,6.7
ussr,253,1966,49.81417,78.13083,125
ussr,254,1966,49.75167,78.00833,100
ussr,255,1966,49.81778,78.09389,22
ussr,256,1966,47.829,47.935,1.1
ussr,257,1966,49.73611,78.10722,4
ussr,258,1966,49.83917,78.07083,42
ussr,259,1966,49.73556,78.10472,24
ussr,260,1966,49.75889,78.04861,32
ussr,261,1966,49.83056,78.10139,10
ussr,262,1966,49.83056,78.05778,4.6
ussr,263,1966,38.968,64.517,30
ussr,264,1966,49.74194,78.02556,55
ussr,265,1966,73.387,54.836,700
ussr,266,1966,73.4,54.8,700
ussr,269,1966,49.74028,78.03083,4.6
ussr,271,1966,49.92458,77.74722,100
ussr,272,1967,49.77306,77.99,4.6
ussr,274,1967,49.73944,78.08639,130
ussr,275,1967,49.75333,78.05361,18
ussr,277,1967,49.73611,78.10722,37
ussr,278,1967,49.75167,78.00833,28
ussr,280,1967,49.82222,78.04333,20
ussr,281,1967,49.84417,78.11556,23
ussr,282,1967,49.75444,78.05028,19
ussr,284,1967,49.74194,78.02556,0.7
ussr,285,1967,49.93719,77.72811,16
ussr,286,1967,49.95964,77.69106,10
ussr,287,1967,57.7,65.2,0.3
ussr,288,1967,49.78444,77.99778,45
ussr,290,1967,73.39,54.81,260
ussr,292,1967,49.79722,77.99944,25
ussr,293,1967,49.94194,77.68683,1.6
ussr,294,1967,49.81833,78.17083,19
ussr,295,1968,49.75389,78.04694,7.5
ussr,296,1968,49.84167,78.10722,6.2
ussr,297,1968,38.918,65.032,47
ussr,298,1968,49.83333,78.09278,0.001
ussr,299,1968,49.79861,78.15,15
ussr,300,1968,49.98025,78.9855,18
ussr,301,1968,47.909,47.912,27
ussr,302,1968,49.75556,78.09917,24
ussr,304,1968,49.82056,78.08111,4.6
ussr,305,1968,49.82056,78.08111,0.001
ussr,306,1968,49.73806,78.08083,32
ussr,307,1968,49.80417,78.10556,60
ussr,308,1968,49.72786,78.48628,0.24
ussr,310,1968,73.387,54.858,0.001
ussr,311,1968,73.387,54.858,165
ussr,312,1968,73.387,54.858,165
ussr,313,1968,49.79972,78.14444,4
ussr,314,1968,49.712,78.461,0.24
ussr,315,1968,49.7,78.5,0.24
ussr,316,1968,49.7,78.5,0.24
ussr,317,1968,49.74083,78.08778,8.9
ussr,318,1969,49.82833,78.05972,49
ussr,321,1969,49.76778,78.08167,16
ussr,322,1969,49.95031,77.69422,18
ussr,323,1969,49.75417,78.10917,15
ussr,325,1969,49.81972,78.13722,16
ussr,326,1969,57.22,55.393,7.6
ussr,327,1969,57.22,55.417,7.6
ussr,328,1969,49.77778,77.98639,6.2
ussr,330,1969,45.848,42.6,10
ussr,331,1969,49.78639,78.10806,16
ussr,333,1969,73.39,54.787,540
ussr,338,1969,49.92428,78.95575,125
ussr,339,1969,43.867,54.8,30
ussr,340,1969,49.93733,77.71422,40
ussr,341,1969,49.73222,78.10444,10
ussr,342,1970,49.79222,78.11306,42
ussr,345,1970,49.73083,78.1025,0.001
ussr,346,1970,49.74444,78.00333,6.5
ussr,347,1970,49.73139,78.10111,0.9
ussr,348,1970,52.2,55.7,2.3
ussr,349,1970,49.79333,78.11306,88
ussr,352,1970,49.95242,77.67289,23
ussr,353,1970,49.81361,78.13222,20
ussr,355,1970,49.7525,78.00528,34
ussr,356,1970,73.304,55.027,2200
ussr,359,1970,49.98922,77.76244,27
ussr,360,1970,43.85,54.8,80
ussr,361,1970,49.75194,78.10167,26
ussr,362,1970,44.025,54.933,75
ussr,363,1971,49.80528,78.16861,1.8
ussr,364,1971,49.79333,78.11306,67
ussr,366,1971,61.4,56.2,15
ussr,367,1971,61.4,56.2,15
ussr,368,1971,61.4,56.2,15
ussr,369,1971,49.83222,78.03861,0.23
ussr,370,1971,49.78028,78.03667,90
ussr,371,1971,49.80417,78.145,9
ussr,372,1971,49.97542,77.66028,16
ussr,373,1971,49.96903,77.64081,35
ussr,374,1971,49.946,78.98047,5
ussr,375,1971,67.283,63.467,2.3
ussr,376,1971,64.167,55.267,2.3
ussr,377,1971,57.508,42.643,2.3
ussr,378,1971,73.393,54.92,2450
ussr,382,1971,61.358,48.092,2.3
ussr,383,1971,49.97789,77.64144,12
ussr,384,1971,49.97381,77.59733,23
ussr,385,1971,51.6,54.45,15
ussr,386,1971,49.73778,78.08139,28
ussr,388,1971,49.83056,77.99333,6
ussr,389,1971,47.897,48.133,64
ussr,390,1971,49.74917,78.00611,50
ussr,392,1972,50.02428,78.87808,16
ussr,393,1972,49.75194,78.11806,28
ussr,395,1972,49.73417,78.0825,6
ussr,397,1972,49.73417,78.0825,0.001
ussr,398,1972,37.35,62.05,15
ussr,399,1972,49.84167,78.10722,0.001
ussr,401,1972,49.77306,77.99,25
ussr,402,1972,49.73611,78.10917,1.5
ussr,403,1972,49.8,35.4,3.8
ussr,404,1972,70.8,53.8,10
ussr,405,1972,49.77056,78.05722,8
ussr,406,1972,49.4,48.142,6.6
ussr,407,1972,49.98197,77.71661,21
ussr,408,1972,73.388,54.847,1120
ussr,412,1972,49.95942,77.64089,2
ussr,413,1972,67.75,33.1,2.1
ussr,414,1972,52.118,52.068,2.3
ussr,415,1972,46.853,44.938,6.6
ussr,416,1972,49.92697,78.81725,165
ussr,417,1972,51.99,51.867,2.3
ussr,418,1972,51.842,64.21,6.6
ussr,419,1972,49.82611,78.09194,58
ussr,421,1972,50.027,78.99556,140
ussr,423,1973,49.81583,78.10667,42
ussr,424,1973,49.984,77.614,21
ussr,425,1973,49.79111,78.01278,20
ussr,427,1973,49.79111,78.01278,0.001
ussr,428,1973,49.96889,78.8175,212
ussr,429,1973,42.775,67.408,6.3
ussr,430,1973,50.527,68.323,6.3
ussr,431,1973,73.314,55.056,3800
ussr,435,1973,45.758,67.825,6.3
ussr,436,1973,49.96167,78.85556,0.001
ussr,437,1973,70.731,53.836,180
ussr,438,1973,51.65,54.55,10
ussr,439,1973,49.75222,78.1325,15
ussr,440,1973,53.65,55.4,10
ussr,441,1973,70.78,54.035,4000
ussr,443,1973,50.04381,78.98569,80
ussr,444,1973,49.73944,78.08639,0.5
ussr,445,1974,49.82333,78.04167,24
ussr,446,1974,49.82333,78.04167,6
ussr,448,1974,49.83167,78.10944,0.001
ussr,449,1974,50.02444,78.92639,1
ussr,450,1974,49.73972,78.03583,18
ussr,451,1974,49.96056,78.84417,71
ussr,452,1974,49.83056,78.10139,3.5
ussr,453,1974,53.7,55.1,10
ussr,454,1974,49.77722,78.1125,18
ussr,456,1974,68.903,75.823,7.6
ussr,457,1974,73.397,54.905,1200
ussr,462,1974,67.085,62.625,7.6
ussr,463,1974,49.76972,78.05528,14
ussr,464,1974,66.1,112.65,1.7
ussr,465,1974,49.9875,78.89417,19
ussr,466,1974,70.81,53.91,2300
ussr,467,1974,49.95,77.7,0.01
ussr,468,1974,49.916,77.605,1.7
ussr,469,1974,49.76778,78.08167,6.7
ussr,470,1974,49.83306,78.02667,3.8
ussr,471,1974,49.96583,79.00333,36
ussr,475,1975,49.79889,78.00139,55
ussr,476,1975,49.75472,78.1075,24
ussr,477,1975,47.909,47.912,0.35
ussr,478,1975,49.9375,78.90361,29
ussr,479,1975,49.75167,78.00583,32
ussr,480,1975,49.98556,78.89694,8
ussr,483,1975,49.80194,78.13056,14
ussr,485,1975,70.763,126.953,7.6
ussr,486,1975,73.334,54.682,1100
ussr,494,1975,69.578,90.337,7.6
ussr,495,1975,49.78306,78.08667,0.2
ussr,496,1975,70.816,53.744,600
ussr,497,1975,70.816,53.744,600
ussr,498,1975,70.816,53.753,600
ussr,499,1975,73.307,55.01,1300
ussr,504,1975,49.95389,78.87389,36
ussr,505,1975,49.81333,78.10861,8
ussr,506,1975,50.04389,78.82,59
ussr,507,1976,49.81,78.17139,13
ussr,509,1976,47.897,48.133,10
ussr,510,1976,49.755,78.0475,0.1
ussr,511,1976,49.75472,78.1075,7
ussr,512,1976,49.90056,78.83083,7
ussr,513,1976,49.7775,78.01556,3.7
ussr,514,1976,49.99361,79.02444,10
ussr,515,1976,49.90417,78.89944,65
ussr,516,1976,49.74333,78.05167,7
ussr,517,1976,47.87,48.15,58
ussr,518,1976,49.87,77.7,0.9
ussr,519,1976,49.975,78.92639,53
ussr,520,1976,73.36,54.871,130
ussr,522,1976,73.398,54.812,13
ussr,525,1976,73.398,54.812,0.001
ussr,526,1976,49.83139,78.05722,2.8
ussr,527,1976,61.458,112.86,15
ussr,528,1976,50.01306,78.94333,74
ussr,529,1976,49.94389,78.83917,54
ussr,531,1976,49.89917,78.78639,95
ussr,532,1976,49.78028,78.03667,10
ussr,534,1977,49.97,78.086,24
ussr,535,1977,49.77639,78.0175,25
ussr,537,1977,49.77639,78.0175,0.001
ussr,538,1977,49.81333,78.10861,10
ussr,539,1977,49.94639,78.77167,44
ussr,540,1977,49.99944,78.86667,9
ussr,541,1977,69.575,90.375,15
ussr,542,1977,49.75056,78.04917,11
ussr,544,1977,50.955,110.983,8.5
ussr,545,1977,49.83083,78.11389,8
ussr,546,1977,64.108,99.558,8.5
ussr,547,1977,73.339,54.619,120
ussr,550,1977,73.339,54.619,0-130?
ussr,551,1977,50.05556,78.91417,78
ussr,553,1977,57.251,106.551,7.6
ussr,554,1977,47.897,48.161,10
ussr,555,1977,73.409,54.927,5
ussr,556,1977,47.909,47.912,0.1
ussr,557,1977,49.83417,78.08028,42
ussr,559,1977,50.05222,78.98028,50
ussr,560,1977,47.909,47.912,0.1
ussr,563,1977,49.96722,78.87444,70
ussr,566,1977,49.80139,78.12833,6
ussr,567,1977,49.80194,78.13056,0.001
ussr,570,1978,49.945,77.704,13
ussr,571,1978,49.76194,77.9825,30
ussr,573,1978,49.75167,78.13167,20
ussr,576,1978,49.74333,78.05167,0.001
ussr,577,1978,49.79139,78.09444,3
ussr,578,1978,49.74333,78.05167,0.001
ussr,579,1978,49.91333,78.80194,58
ussr,580,1978,49.9,78.86667,87
ussr,581,1978,49.755,78.145,60
ussr,586,1978,63.678,125.522,22
ussr,587,1978,73.291,54.883,180
ussr,593,1978,65.925,112.338,22
ussr,594,1978,49.81333,78.10861,14
ussr,596,1978,49.81333,78.10861,0.001
ussr,597,1978,50.00611,78.96722,119
ussr,598,1978,47.909,47.912,0.08
ussr,599,1978,49.92833,78.86167,81
ussr,600,1978,49.79861,78.15,1.1
ussr,601,1978,66.598,86.21,15
ussr,602,1978,73.349,54.676,60
ussr,608,1978,73.349,54.676,0.001
ussr,609,1978,61.55,112.85,15
ussr,610,1978,49.73667,78.11111,12
ussr,611,1978,47.85,48.12,56
ussr,612,1978,47.85,48.12,18
ussr,613,1978,63.185,63.432,22
ussr,614,1978,49.78861,78.1075,16
ussr,615,1978,50.04167,78.94722,44
ussr,617,1978,49.95333,78.79528,101
ussr,619,1978,49.78333,78.01556,110
ussr,620,1978,47.909,47.912,0.006
ussr,621,1978,49.81583,78.10667,4
ussr,622,1978,47.86,48.16,103
ussr,623,1978,49.81083,78.05417,3.5
ussr,625,1979,47.909,47.912,0.5
ussr,626,1979,47.92,48.12,12
ussr,627,1979,47.92,48.12,56
ussr,628,1979,50.08083,78.85333,18
ussr,629,1979,49.974,77.668,23
ussr,631,1979,49.81,78.17139,0.001
ussr,632,1979,49.81,78.17139,0.001
ussr,633,1979,49.76194,77.9825,15
ussr,635,1979,49.81278,78.05944,17
ussr,639,1979,49.81,78.17139,0.001
ussr,640,1979,49.91472,78.84583,149
ussr,641,1979,50.03306,78.98917,97
ussr,643,1979,47.88,48.12,7
ussr,644,1979,47.88,48.12,7
ussr,645,1979,47.88,48.12,7
ussr,646,1979,49.919,77.812,12
ussr,647,1979,49.77722,78.1125,14
ussr,648,1979,49.90306,78.88778,150
ussr,650,1979,61.803,122.43,8.5
ussr,651,1979,49.94806,78.91889,150
ussr,653,1979,64.11,99.562,8.5
ussr,654,1979,48.2,38.3,0.3
ussr,655,1979,73.343,54.672,130
ussr,658,1979,49.75056,78.04917,1.6
ussr,659,1979,60.675,71.455,22
ussr,660,1979,61.85,113.1,15
ussr,661,1979,49.82417,78.0975,15
ussr,663,1979,73.316,54.816,150
ussr,667,1979,47.85,48.14,3
ussr,668,1979,47.85,48.14,30
ussr,669,1979,49.99667,78.995,120
ussr,671,1979,49.78306,78.08667,1.6
ussr,672,1979,49.90944,78.78444,93
ussr,674,1979,49.79222,78.113,3.6
ussr,675,1979,49.93222,78.75278,137
ussr,677,1980,49.82333,78.04167,0.001
ussr,678,1980,50,77.823,6
ussr,679,1980,49.7825,78.05722,8
ussr,681,1980,49.97639,78.75944,19
ussr,683,1980,49.77972,78.03639,35
ussr,686,1980,49.98872,78.99108,37
ussr,687,1980,52.9,56.5,3.2
ussr,688,1980,52.9,56.5,3.2
ussr,689,1980,49.82583,78.09944,0.3
ussr,690,1980,49.94861,78.81806,44
ussr,693,1980,49.79056,78.09083,20
ussr,694,1980,49.79056,78.09083,
ussr,695,1980,49.93667,78.7975,200
ussr,696,1980,49.78333,78.08056,5
ussr,697,1980,46.757,48.275,8.5
ussr,698,1980,73.336,54.94,130
ussr,705,1980,49.9675,79.0225,102
ussr,708,1980,60.8,97.55,8
ussr,709,1980,49.75167,78.13167,0.1
ussr,713,1980,61.75,66.75,15
ussr,714,1980,49.90889,78.91861,101
ussr,717,1980,49.82611,78.09194,2
ussr,718,1980,50.06194,78.97528,100
ussr,720,1981,49.82333,78.04167,0.001
ussr,721,1981,50.01806,78.97881,30
ussr,724,1981,49.89889,78.80861,92
ussr,727,1981,68.2,53.5,37.6
ussr,728,1981,49.98694,78.97056,20
ussr,729,1981,49.82333,78.04167,0.001
ussr,730,1981,49.7675,78.08083,12
ussr,732,1981,49.80139,78.13139,9.3
ussr,733,1981,49.75222,78.05306,5.6
ussr,736,1981,60.6,55.7,3.2
ussr,737,1981,49.91333,78.89444,150
ussr,738,1981,46.79,48.313,8.5
ussr,739,1981,46.771,48.304,8.5
ussr,740,1981,73.304,54.818,140
ussr,744,1981,49.83417,78.08028,0.001
ussr,745,1981,49.92806,78.84472,107
ussr,747,1981,63.8,97.55,8.5
ussr,748,1981,49.73667,78.10417,8
ussr,750,1981,49.90194,78.84889,31
ussr,753,1981,49.83417,78.08028,7
ussr,756,1981,49.93306,78.77833,150
ussr,757,1982,49.82333,78.03333,24
ussr,759,1982,49.834,78.08,0
ussr,760,1982,49.91694,78.88778,145
ussr,763,1982,49.77139,78.11083,2.4
ussr,765,1982,49.95861,78.81167,136
ussr,768,1982,53.8,104.15,8.5
ussr,769,1982,49.74028,78.03083,1.7
ussr,771,1982,49.91417,78.76139,8
ussr,773,1982,69.2,81.65,16
ussr,774,1982,49.77917,78.12472,12
ussr,776,1982,64.35,91.8,8.5
ussr,777,1982,61.55,112.85,15
ussr,778,1982,73.339,54.608,80
ussr,782,1982,46.759,48.247,13.5
ussr,783,1982,46.752,48.258,8.5
ussr,784,1982,46.766,48.288,8.5
ussr,785,1982,46.76,48.3,8.5
ussr,786,1982,49.93083,78.80972,119
ussr,788,1982,49.78111,78.035,1.7
ussr,789,1982,49.78111,78.035,
ussr,790,1982,50.06306,78.99389,21
ussr,791,1982,50.06306,78.99389,21
ussr,792,1983,49.82333,78.03333,0.001
ussr,793,1983,49.785,78.04056,2.7
ussr,794,1983,49.823,78.033,0
ussr,795,1983,49.78556,78.08472,3
ussr,796,1983,49.74111,78.12028,20
ussr,798,1983,49.823,78.033,0
ussr,799,1983,49.925,78.89806,138
ussr,801,1983,49.73972,78.03583,1.8
ussr,802,1983,51.363,53.306,15
ussr,803,1983,51.367,53.327,15
ussr,804,1983,51.38,53.34,15
ussr,805,1983,73.354,54.974,150
ussr,810,1983,49.78472,78.08417,1.9
ussr,811,1983,46.783,48.315,8.5
ussr,812,1983,46.788,48.297,8.5
ussr,813,1983,46.767,48.31,8.5
ussr,814,1983,46.749,48.303,8.5
ussr,815,1983,46.754,48.289,8.5
ussr,816,1983,46.766,48.274,8.5
ussr,817,1983,73.328,54.541,100
ussr,821,1983,49.92458,78.75069,82
ussr,823,1983,49.9125,78.82167,114
ussr,825,1983,50.05083,78.99917,20
ussr,828,1983,49.75861,78.04861,19
ussr,831,1984,49.89611,78.74306,49
ussr,832,1984,50.05,78.95611,42
ussr,833,1984,49.91111,78.92694,83
ussr,834,1984,49.76056,78.08917,60
ussr,836,1984,49.93583,78.85056,76
ussr,838,1984,49.97889,79.00556,130
ussr,840,1984,49.79,78.109,0
ussr,841,1984,49.90944,78.87722,135
ussr,843,1984,51.358,53.319,15
ussr,844,1984,51.371,53.337,15
ussr,845,1984,51.391,53.351,15
ussr,846,1984,65.05,55.1,*    85
ussr,847,1984,61.9,72.1,8.5
ussr,848,1984,73.4,54.8,0.6
ussr,849,1984,67.75,33,1.7
ussr,850,1984,67.75,33,1.7
ussr,851,1984,60.3,57.1,3.2
ussr,852,1984,60.7,57.5,3.2
ussr,853,1984,49.80444,78.0875,6
ussr,857,1984,55.834,87.526,10
ussr,858,1984,49.72944,78.08639,1.4
ussr,859,1984,73.355,54.99,110
ussr,863,1984,49.79,78.109,0
ussr,864,1984,49.93472,78.92806,150
ussr,865,1984,46.9,48.15,3.2
ussr,866,1984,46.95,48.1,3.2
ussr,867,1984,49.8125,78.05944,1.4
ussr,870,1984,50.00611,79.00889,79
ussr,872,1984,49.94583,78.80861,137
ussr,874,1984,49.88028,78.70389,105
ussr,876,1985,49.89917,78.78056,62
ussr,879,1985,49.92667,78.88083,74
ussr,881,1985,49.90861,78.84278,114
ussr,885,1985,49.86444,78.66861,86
ussr,887,1985,49.75056,78.04917,0.5
ussr,888,1985,65.994,41.038,8.5
ussr,890,1985,49.94972,78.78389,74
ussr,891,1985,49.8186,78.0164,5
ussr,895,1987,49.83417,78.08111,24
ussr,896,1987,49.93528,78.82889,11
ussr,898,1987,49.91806,78.78028,140
ussr,899,1987,49.75389,78.11444,1
ussr,902,1987,49.87778,78.66889,86
ussr,905,1987,49.751,78.049,0
ussr,906,1987,60.6,57.2,3.2
ussr,907,1987,60.8,57.5,3.2
ussr,908,1987,49.77583,78.01222,40
ussr,909,1987,49.83667,78.06167,24
ussr,910,1987,49.93528,78.74417,107
ussr,912,1987,61.5,112.85,15
ussr,913,1987,49.77583,78.01972,78
ussr,914,1987,61.45,112.8,15
ussr,915,1987,49.88056,78.87472,72
ussr,918,1987,73.326,54.602,150
ussr,923,1987,61.45,112.8,3.2
ussr,924,1987,49.80444,78.0875,1.1
ussr,926,1987,47.6,56.2,8.5
ussr,927,1987,49.72972,78.08667,1.1
ussr,928,1987,49.89861,78.75806,103
ussr,930,1987,49.96306,78.79306,137
ussr,932,1987,49.77583,78.01222,5
ussr,933,1987,49.87944,78.725,117
ussr,935,1988,49.77583,78.01972,5
ussr,936,1988,49.77583,78.01972,0.001
ussr,937,1988,49.77583,78.01972,0.001
ussr,938,1988,49.93667,78.86389,125
ussr,940,1988,49.90833,78.90833,135
ussr,941,1988,49.79028,78.10694,2.3
ussr,942,1988,49.94944,78.75028,132
ussr,943,1988,73.314,54.553,80
ussr,946,1988,50.01889,78.96056,4
ussr,947,1988,66.28,78.491,15
ussr,948,1988,61.361,48.092,8.5
ussr,949,1988,49.87778,78.82306,150
ussr,950,1988,49.78,78.01722,6
ussr,951,1988,50.04306,78.96889,15
ussr,952,1988,49.77944,78.03722,19
ussr,954,1988,49.77944,78.03722,0.001
ussr,955,1988,73.366,55.001,140
ussr,959,1988,73.366,55.001,0.001
ussr,960,1988,49.88194,78.92472,68
ussr,962,1988,49.80111,78.06861,0.2
ussr,964,1989,49.93944,78.81944,118
ussr,966,1989,49.91861,78.71111,63
ussr,967,1989,49.82778,78.05972,10
ussr,968,1989,49.86778,78.78028,22
ussr,969,1989,50.00583,78.98556,6
ussr,971,1989,49.7498,78.0117,4
ussr,972,1989,49.92222,78.90833,85
ussr,975,1990,73.331,54.757,70
ussr,980,1990,73.331,54.757,0.001
ussr,981,1990,73.331,54.757,0.001
ussr,982,1990,73.331,54.757,0.001
fr,1,1960,26.3117,-0.0572,65
fr,2,1960,26.1661,-0.1025,10
fr,3,1960,26.3536,-0.1236,3
fr,4,1961,26.3217,-0.0733,0.5
fr,5,1961,24.0571,5.0521,10
fr,6,1962,24.063,5.0418,40
fr,7,1963,24.0413,5.0521,10
fr,8,1963,24.0433,5.057,2.5
fr,9,1963,24.0355,5.0386,52
fr,10,1964,24.0536,5.0523,3.7
fr,11,1964,24.0666,5.0345,2.5
fr,12,1964,24.0418,5.0416,10
fr,13,1965,24.0587,5.0311,127
fr,14,1965,24.055,5.0508,2.5
fr,15,1965,24.0649,5.034,2.5
fr,16,1965,24.0437,5.0469,10
fr,17,1966,24.0441,5.0412,13
fr,18,1966,-21.87,-139,28
fr,19,1966,-21.8,-138.9,50
fr,20,1966,-21.79,-138.91,0
fr,21,1966,-21.83,-138.88,110
fr,22,1966,-22.23,-138.73,125
fr,23,1966,-21.87,-139,205
fr,24,1967,-21.789,-138.895,15
fr,25,1967,-21.865,-139,120
fr,26,1967,-21.795,-138.892,22
fr,27,1968,-21.83,-138.88,115
fr,28,1968,-21.83,-138.88,450
fr,29,1968,-21.83,-138.88,150
fr,30,1968,-22.228,-138.644,2600
fr,31,1968,-21.821,-138.975,1280
fr,32,1970,-21.83,-138.88,13
fr,33,1970,-21.83,-138.88,224
fr,34,1970,-22.309,-138.606,945
fr,35,1970,-21.83,-138.88,12
fr,36,1970,-21.935,-138.917,914
fr,37,1970,-21.83,-138.88,0.05
fr,38,1970,-21.786,-138.893,72
fr,39,1970,-21.83,-138.88,594
fr,40,1971,-21.83,-138.88,34
fr,41,1971,-23.8,-137.2,440
fr,42,1971,-21.83,-138.88,9
fr,43,1971,-21.83,-138.88,4
fr,44,1971,-21.823,-138.976,955
fr,45,1972,-21.83,-138.88,0.5
fr,46,1972,-21.83,-138.88,4
fr,47,1972,-21.83,-138.88,6
fr,48,1972,-21.79,-138.91,0.001
fr,49,1973,-21.83,-138.88,11
fr,50,1973,-21.83,-138.88,0.05
fr,51,1973,-21.83,-138.88,4
fr,52,1973,-21.83,-138.88,0.2
fr,53,1973,-21.83,-138.88,6.6
fr,54,1973,-21.79,-138.91,0
fr,55,1974,-21.83,-138.88,4
fr,56,1974,-21.79,-138.91,0
fr,57,1974,-21.83,-138.88,150
fr,58,1974,-21.83,-138.88,4
fr,59,1974,-21.83,-138.88,8
fr,60,1974,-21.79,-138.91,0.001
fr,61,1974,-21.83,-138.88,96
fr,62,1974,-21.83,-138.88,14
fr,63,1974,-21.871,-139.01,332
fr,64,1975,-22.28,-138.74,5
fr,65,1975,-22.28,-138.74,5
fr,66,1976,-21.83,-138.88,1
fr,67,1976,-21.863,-138.786,12
fr,68,1976,-21.8,-138.9,0
fr,69,1976,-21.8,-138.9,1
fr,70,1976,-21.8,-138.9,1
fr,71,1977,-21.84,-138.848,5
fr,72,1977,-21.887,-138.92,47
fr,73,1977,-21.8,-138.9,1
fr,74,1977,-21.8,-138.9,0
fr,75,1977,-21.783,-138.96,20
fr,76,1977,-21.8,-138.9,0
fr,77,1977,-21.8,-138.9,5
fr,78,1977,-21.884,-138.886,50
fr,79,1977,-21.8,-138.9,5
fr,80,1978,-21.8,-138.9,1
fr,81,1978,-21.705,-138.934,5
fr,82,1978,-21.8,-138.9,1
fr,83,1978,-21.8,-138.9,1
fr,84,1978,-21.8,-138.9,5
fr,85,1978,-21.8,-138.9,4
fr,86,1978,-21.8,-138.9,3
fr,87,1978,-21.8,-138.9,0
fr,88,1978,-21.868,-138.95,64
fr,89,1978,-21.8,-138.9,5
fr,90,1978,-21.768,-138.934,12
fr,91,1979,-21.8,-138.9,8
fr,92,1979,-21.8,-138.9,14
fr,93,1979,-21.806,-138.933,8
fr,94,1979,-21.85,-138.702,6
fr,95,1979,-21.81,-138.809,5
fr,96,1979,-21.818,-138.903,28
fr,97,1979,-21.88,-138.94,112
fr,98,1979,-21.809,-138.812,5
fr,99,1979,-21.8,-138.9,1
fr,100,1979,-21.8,-138.9,4
fr,101,1980,-21.8,-138.9,2
fr,102,1980,-21.8,-138.9,5
fr,103,1980,-21.861,-138.939,80
fr,104,1980,-21.845,-138.758,18
fr,105,1980,-21.921,-138.799,5
fr,106,1980,-21.87,-138.899,26
fr,107,1980,-21.8,-138.9,9
fr,108,1980,-21.849,-138.848,5
fr,109,1980,-21.8,-138.9,0
fr,110,1980,-21.861,-138.934,80
fr,111,1980,-21.8,-138.9,2
fr,112,1980,-21.875,-138.939,51
fr,113,1981,-21.8,-138.9,5
fr,114,1981,-21.8,-138.9,2
fr,115,1981,-21.79,-138.678,5
fr,116,1981,-21.795,-138.946,8
fr,117,1981,-21.791,-139.046,20
fr,118,1981,-21.8,-138.9,5
fr,119,1981,-21.8,-138.9,2
fr,120,1981,-21.824,-138.903,20
fr,121,1981,-21.8,-138.9,1
fr,122,1981,-21.856,-138.954,5
fr,123,1981,-21.685,-138.933,5
fr,124,1981,-21.797,-138.927,15
fr,125,1982,-21.8,-138.9,3
fr,126,1982,-21.8,-138.9,1
fr,127,1982,-21.846,-138.868,17
fr,128,1982,-21.8,-138.9,0.5
fr,129,1982,-21.8,-138.9,0
fr,130,1982,-21.8,-138.9,2
fr,131,1982,-21.769,-138.946,20
fr,132,1982,-21.8,-138.9,2
fr,133,1982,-21.836,-138.896,56
fr,134,1982,-21.8,-138.9,0.5
fr,135,1983,-21.819,-138.872,40
fr,136,1983,-21.8,-138.9,0.25
fr,137,1983,-21.861,-138.917,42
fr,138,1983,-21.8,-138.9,3
fr,139,1983,-21.767,-138.871,20
fr,140,1983,-21.8,-138.9,10
fr,141,1983,-21.835,-138.829,20
fr,142,1983,-21.8,-138.9,4
fr,143,1983,-21.829,-138.928,15
fr,144,1984,-21.8,-138.9,5
fr,145,1984,-21.863,-138.901,56
fr,146,1984,-21.8,-138.9,5
fr,147,1984,-21.849,-138.88,34
fr,148,1984,-22.064,-138.477,5
fr,149,1984,-21.857,-138.92,34
fr,150,1984,-21.8,-138.9,0.5
fr,151,1984,-21.837,-138.89,53
fr,152,1985,-21.829,-138.952,13
fr,153,1985,-21.831,-138.981,80
fr,154,1985,-21.816,-138.897,11
fr,155,1985,-21.8,-138.9,5
fr,156,1985,-21.8,-138.9,2
fr,157,1985,-21.849,-138.815,20
fr,158,1985,-21.802,-138.781,5
fr,159,1985,-21.856,-138.899,54
fr,160,1986,-21.725,-138.941,5
fr,161,1986,-21.8,-138.9,5
fr,162,1986,-21.8,-138.9,5
fr,163,1986,-21.862,-138.949,30
fr,164,1986,-21.8,-138.9,5
fr,165,1986,-21.843,-138.927,20
fr,166,1986,-21.8,-138.9,5
fr,167,1986,-21.833,-138.892,32
fr,168,1987,-21.705,-138.581,5
fr,169,1987,-21.85,-138.913,30
fr,170,1987,-21.769,-138.874,5
fr,171,1987,-21.865,-138.891,20
fr,172,1987,-21.845,-138.907,51
fr,173,1987,-21.791,-138.874,18
fr,174,1987,-21.845,-138.941,62
fr,175,1987,-21.8,-138.9,5
fr,176,1988,-21.833,-138.945,20
fr,177,1988,-21.845,-138.961,80
fr,178,1988,-21.75,-139,5
fr,179,1988,-21.846,-138.911,20
fr,180,1988,-21.8,-138.9,2
fr,181,1988,-21.793,-138.987,47
fr,182,1988,-21.835,-138.954,45
fr,183,1988,-22.233,-138.74,103
fr,184,1989,-21.812,-138.884,16
fr,185,1989,-21.8,-138.9,2
fr,186,1989,-21.842,-138.922,20
fr,187,1989,-22.217,-138.721,80
fr,188,1989,-21.852,-138.912,24
fr,189,1989,-21.793,-138.855,20
fr,190,1989,-21.793,-138.884,20
fr,191,1989,-21.8,-138.9,0
fr,192,1989,-22.251,-138.722,87
fr,193,1990,-21.877,-138.918,20
fr,194,1990,-21.8,-138.9,5
fr,195,1990,-22.215,-138.841,100
fr,196,1990,-21.85,-139.042,18
fr,197,1990,-22.258,-138.805,118
fr,198,1990,-21.936,-138.967,36
fr,199,1991,-21.8,-138.9,1
fr,200,1991,-21.832,-139.014,20
fr,201,1991,-22.256,-138.794,106
fr,202,1991,-21.944,-138.988,28
fr,203,1991,-21.8,-138.9,0.3
fr,204,1991,-21.877,-138.963,34
fr,205,1995,-21.85,-138.84,8
fr,206,1995,-22.25,-138.74,97
fr,207,1995,-21.89,-138.98,39
fr,208,1995,-21.88,-139.03,20
fr,209,1995,-21.88,-138.97,21
fr,210,1996,-22.24,-138.82,46
usa,1,1945,33.6753,-106.4747,21
usa,2,1945,34.3914,132.4581,15
usa,3,1945,32.7702,129.8657,21
usa,4,1946,11.58,165.5,21
usa,5,1946,11.5833,165.5,21
usa,6,1948,11.67,162.24,37
usa,7,1948,11.62,162.33,49
usa,8,1948,11.56,162.35,18
usa,9,1951,36.8,-115.95,1
usa,10,1951,36.8,-115.95,8
usa,11,1951,36.8,-115.95,1
usa,12,1951,36.8,-115.95,8
usa,13,1951,36.8,-115.95,22
usa,14,1951,11.5558,162.3544,81
usa,15,1951,11.6689,162.2403,47
usa,16,1951,11.6269,162.3147,225
usa,17,1951,11.673,162.2486,45.5
usa,18,1951,37.0839,-116.0239,0.05
usa,19,1951,37.085,-116.02,3.5
usa,20,1951,37.085,-116.0203,14
usa,21,1951,37.0847,-116.0197,21
usa,22,1951,37.0919,-116.0244,31
usa,23,1951,37.1317,-116.0386,1.2
usa,24,1951,37.1697,-116.0425,1.2
usa,25,1952,36.7983,-115.9356,1
usa,26,1952,37.0842,-116.0194,1
usa,27,1952,37.0844,-116.0203,31
usa,28,1952,37.0842,-116.0203,19
usa,29,1952,37.0531,-116.1056,12
usa,30,1952,37.0956,-116.1056,11
usa,31,1952,37.0481,-116.0211,15
usa,32,1952,37.1386,-116.1178,14
usa,33,1952,11.2372,162.1964,10400
usa,34,1952,11.5622,162.3525,500
usa,35,1953,37.0478,-116.0211,16
usa,36,1953,37.0956,-116.1028,24
usa,37,1953,37.0828,-116.0239,0.2
usa,38,1953,37.0847,-116.018,11
usa,39,1953,37.0989,-116.0925,0.2
usa,40,1953,37.1383,-116.1178,23
usa,41,1953,37.0531,-116.1028,43
usa,42,1953,36.8,-115.9289,27
usa,43,1953,37.0403,-116.0253,32
usa,44,1953,36.7931,-115.9147,15
usa,45,1953,37.0875,-116.0183,61
usa,46,1954,11.6908,165.2736,15000
usa,47,1954,11.6908,165.273,11000
usa,48,1954,11.4967,165.3675,110
usa,49,1954,11.6664,165.3872,6900
usa,50,1954,11.6656,165.3869,13500
usa,51,1954,11.6705,162.1964,1690
usa,52,1955,37.0867,-116.0219,1
usa,53,1955,37.0478,-116.0211,2
usa,54,1955,37.1255,-116.0475,7
usa,55,1955,37.1383,-116.1175,43
usa,56,1955,37.0403,-116.0253,4
usa,57,1955,37.0947,-116.0239,8
usa,58,1955,37.1683,-116.0439,1
usa,59,1955,37.0956,-116.1028,14
usa,60,1955,37.0867,-116.0578,3
usa,61,1955,37.0286,-116.0578,3
usa,62,1955,37.1222,-116.0344,2
usa,63,1955,36.7981,-115.9289,22
usa,64,1955,37.0531,-116.1025,29
usa,65,1955,28.7333,-126.2667,30
usa,66,1955,37.0947,-116.0239,28
usa,67,1955,36.9,-115.95,0
usa,68,1955,36.9,-115.95,0
usa,69,1955,36.9,-115.95,0
usa,70,1956,36.9,-115.95,0.01
usa,71,1956,11.5578,162.355,40
usa,72,1956,11.6683,165.3942,3800
usa,73,1956,11.4967,165.3692,3500
usa,74,1956,11.62,162.33,0.19
usa,75,1956,11.5444,162.3644,14.9
usa,76,1956,11.6764,162.2222,13.7
usa,77,1956,11.6,165.4514,365
usa,78,1956,11.5511,162.3586,8
usa,79,1956,11.62,162.33,1.49
usa,80,1956,11.5467,162.3608,1.7
usa,81,1956,11.63,162.35,15.2
usa,82,1956,11.6028,165.4514,1100
usa,83,1956,11.63,162.31,360
usa,84,1956,11.6714,162.2003,1850
usa,85,1956,11.6633,165.3872,4500
usa,86,1956,11.6739,165.3394,5000
usa,87,1956,11.6719,162.3692,250
usa,88,1957,37.2,-116.1,0
usa,89,1957,37.0947,-116.0236,12
usa,90,1957,37.0478,-116.0211,0.14
usa,91,1957,37.1347,-116.0408,0.0005
usa,92,1957,37.1347,-116.0408,10
usa,93,1957,36.7981,-115.9289,37
usa,94,1957,37.04,-116.03,0
usa,95,1957,37.1347,-116.0408,74
usa,96,1957,37.1503,-116.1086,17
usa,97,1957,37.1606,-116.0531,2
usa,98,1957,37.095,-116.103,10
usa,99,1957,37.1347,-116.0408,9.7
usa,100,1957,37.0518,-116.0334,0.01
usa,101,1957,37.0867,-116.0236,19
usa,102,1957,37.1939,-116.0333,0
usa,103,1957,37.128,-116.1064,17
usa,104,1957,37.0867,-116.0236,11
usa,105,1957,37.0491,-116.034,0.01
usa,106,1957,37.0867,-116.0236,4.7
usa,107,1957,37.1872,-116.0678,44
usa,108,1957,37.0531,-116.1025,11
usa,109,1957,37.1347,-116.0408,0.197
usa,110,1957,37.043,-116.026,0.3
usa,111,1957,37.0867,-116.0236,1
usa,112,1957,37.0336,-116.0314,11
usa,113,1957,37.0867,-116.0236,12
usa,114,1957,37.1958,-116.2031,1.7
usa,115,1957,37.1383,-116.1175,19
usa,116,1957,37.1347,-116.0408,12
usa,117,1957,37.1347,-116.0408,8
usa,118,1957,37.0499,-116.0309,0.01
usa,119,1957,37.04,-116.03,0.5
usa,120,1958,37.113,-116.115,0.0005
usa,121,1958,37.113,-116.115,0.0005
usa,122,1958,12.6167,168.025,1.7
usa,123,1958,11.5564,162.3542,18
usa,124,1958,11.6908,165.2736,1360
usa,125,1958,11.5411,162.3506,81
usa,126,1958,11.675,162.2056,1370
usa,127,1958,11.3447,162.1789,9
usa,128,1958,11.5439,162.3561,5.9
usa,129,1958,11.4961,165.3708,25.1
usa,130,1958,11.6603,162.2253,330
usa,131,1958,11.5428,162.3539,57
usa,132,1958,11.6633,162.23,11.6
usa,133,1958,11.6908,165.2736,92
usa,134,1958,11.5411,162.3517,15
usa,135,1958,11.3808,162.2192,8
usa,136,1958,11.6872,165.415,213
usa,137,1958,11.6908,165.2733,319
usa,138,1958,11.6603,162.2253,1450
usa,139,1958,11.5442,162.3564,11
usa,140,1958,11.6872,165.415,412
usa,141,1958,11.6633,162.23,880
usa,142,1958,11.6078,162.1078,8900
usa,143,1958,11.4961,162.3708,14
usa,144,1958,11.5442,162.3564,5.2
usa,145,1958,11.6908,165.2736,220
usa,146,1958,11.6633,162.23,397
usa,147,1958,11.6881,165.2644,9300
usa,148,1958,11.55,162.36,0
usa,149,1958,11.55,162.31,255
usa,150,1958,11.4961,165.3708,65
usa,151,1958,11.6633,162.23,202
usa,152,1958,11.6561,162.2197,2000
usa,153,1958,16.7439,-169.5333,3800
usa,154,1958,11.55,162.36,0
usa,155,1958,16.3583,-169.5356,3800
usa,156,1958,11.55,162.36,0.02
usa,157,1958,-38.5,-11.5,1.5
usa,158,1958,-49.5,-8.2,1.5
usa,159,1958,-48.5,-9.7,1.5
usa,160,1958,37.05,-116.0319,0.038
usa,161,1958,37.0494,-116.033,0.015
usa,162,1958,37.0867,-116.0236,0.083
usa,163,1958,37.0492,-116.0336,0.0015
usa,164,1958,37.1931,-116.2006,0.01
usa,165,1958,37.0497,-116.0297,0.002
usa,166,1958,37.1931,-116.2006,0.013
usa,167,1958,37.0867,-116.0236,2
usa,168,1958,37.0867,-116.0236,0.077
usa,169,1958,37.0489,-116.0342,0.0055
usa,170,1958,37.1953,-116.2003,0.072
usa,171,1958,37.0947,-116.0236,0.079
usa,172,1958,37.0867,-116.0236,1.4
usa,173,1958,37.1939,-116.1997,0.115
usa,174,1958,36.8022,-115.9322,0.0012
usa,175,1958,37.1842,-116.2011,5
usa,176,1958,37.0867,-116.0236,0.037
usa,177,1958,37.1225,-116.0347,0.024
usa,178,1958,37.0411,-116.0258,0.09
usa,179,1958,37.0447,-116.0297,0
usa,180,1958,37.0867,-116.0236,6
usa,181,1958,36.7981,-115.9289,0.115
usa,182,1958,37.2,-116.1,0
usa,183,1958,37.1347,-116.0408,0.188
usa,184,1958,37.0431,-116.0269,0.021
usa,185,1958,37.1233,-116.0378,0.0017
usa,186,1958,37.1814,-116.0686,0.0007
usa,187,1958,36.7981,-115.9289,4.9
usa,188,1958,37.0867,-116.0236,2.2
usa,189,1958,37.05,-116,0.0006
usa,190,1958,37.1947,-116.2047,0.055
usa,191,1958,37.1,-116.05,0
usa,192,1958,37.0478,-116.0247,0.0078
usa,193,1958,37.0867,-116.0236,1.3
usa,194,1958,37.1,-116.05,0
usa,195,1958,37.1858,-116.2019,22
usa,196,1958,37.1772,-116.0692,0.0002
usa,197,1961,37.18794,-116.20775,2.6
usa,202,1961,37.04586,-116.02767,13.4
usa,203,1961,32.2636,-103.8658,3
usa,204,1961,37.12661,-116.04875,0.5
usa,205,1961,37.04317,-116.02531,20
usa,206,1961,37.19494,-116.20828,0.15
usa,207,1962,37.04464,-116.03506,5.1
usa,208,1962,37.04725,-116.03436,6.4
usa,209,1962,37.04683,-116.03947,10
usa,210,1962,37.12725,-116.05267,3.07
usa,211,1962,37.04358,-116.03894,7.1
usa,212,1962,37.225,-116.058,5.7
usa,213,1962,37.04906,-116.02953,1.9
usa,214,1962,37.12744,-116.03711,2
usa,215,1962,37.12886,-116.04831,11.9
usa,217,1962,37.1111,-116.3649,0.43
usa,219,1962,37.12217,-116.04889,8.4
usa,220,1962,37.04397,-116.03103,8
usa,221,1962,37.12431,-116.03389,3.4
usa,222,1962,37.04692,-116.03689,2
usa,223,1962,37.0445,-116.02353,10.6
usa,224,1962,37.11767,-116.044,9
usa,225,1962,37.12717,-116.04486,1
usa,226,1962,37.22203,-116.15744,1.85
usa,227,1962,37.119,-116.0315,3
usa,228,1962,1.6,-157.3,190
usa,229,1962,1.6,-157.3,410
usa,230,1962,37.11844,-116.03778,5
usa,231,1962,1.6,-157.3,1090
usa,232,1962,1.6,-157.3,670
usa,233,1962,4.8333,-149.4167,600
usa,234,1962,37.04656,-116.025,8
usa,235,1962,1.6,-157.3,100
usa,236,1962,1.6,-157.3,100
usa,238,1962,1.6,-157.3,50
usa,240,1962,1.6,-157.3,500
usa,241,1962,37.06519,-116.03039,40
usa,242,1962,1.6,-157.3,97
usa,243,1962,37.12483,-116.052,4.5
usa,244,1962,1.6,-157.3,73
usa,245,1962,37.12483,-116.052,8
usa,246,1962,1.6,-157.3,2.6
usa,247,1962,1.6,-157.3,43
usa,248,1962,37.04561,-116.03447,3
usa,249,1962,37.04572,-116.03928,13
usa,250,1962,1.5,-157.2,782
usa,251,1962,1.6,-157.3,210
usa,252,1962,1.5,-157.2,3000
usa,253,1962,1.5,-157.2,1200
usa,254,1962,37.22222,-116.16214,2.9
usa,255,1962,1.5,-157.2,800
usa,256,1962,1.6,-157.3,52
usa,257,1962,1.6,-157.3,2.2
usa,258,1962,37.04306,-116.03025,11
usa,259,1962,1.6,-157.3,81.5
usa,260,1962,1.3,-157.3,7650
usa,261,1962,37.04158,-116.03525,67
usa,263,1962,1.5,-157.3,1270
usa,264,1962,37.11742,-116.04742,4
usa,265,1962,37.177,-116.0454,104
usa,267,1962,17.2,-169.1,1400
usa,268,1962,1.6,-157.3,1000
usa,269,1962,1.4,-157.3,3880
usa,270,1962,37.1224,-116.333,0.5
usa,271,1962,37.05506,-116.03339,20
usa,272,1962,36.8,-115.95,0.6
usa,274,1962,37.12972,-116.05647,3.5
usa,275,1962,37.11864,-116.03947,5
usa,276,1962,37.04614,-116.02383,2.5
usa,277,1962,37.13031,-116.04474,2
usa,278,1962,37.04394,-116.02111,5
usa,279,1962,37.05506,-116.02928,11
usa,280,1962,37.1167,-116.0328,1
usa,281,1962,14,-172,75
usa,282,1962,37.13942,-116.05033,115
usa,283,1962,15,-169,11.3
usa,284,1962,37.12275,-116.05081,7
usa,286,1962,14,-169,1590
usa,288,1962,37.03953,-116.02114,12.5
usa,290,1962,16.9,-169.2,400
usa,291,1962,37.14931,-116.0535,5
usa,292,1962,15,-169,800
usa,293,1962,13.5,-172,8300
usa,294,1962,16.6,-169.4,400
usa,298,1962,37.12281,-116.029,5.2
usa,301,1962,37.04611,-116.01561,11
usa,303,1963,37.14886,-116.05189,6
usa,306,1963,37.04614,-116.02108,9
usa,308,1963,37.12031,-116.04572,3
usa,312,1963,37.04172,-116.01839,11
usa,313,1963,37.03733,-116.02392,7
usa,315,1963,37.15668,-116.07096,6
usa,318,1963,37.0494,-116.01559,8
usa,319,1963,37.2,-116.1,0
usa,322,1963,37.11106,-116.03906,20
usa,323,1963,37.2,-116.1,0
usa,324,1963,37.12807,-116.04246,2
usa,325,1963,37.154,-116.077,0
usa,326,1963,37.19658,-116.20917,3.1
usa,327,1963,37.04503,-116.03636,3
usa,329,1963,37.2,-116.1,0
usa,330,1963,37.04611,-116.01836,3
usa,331,1963,37.1314,-116.06806,4
usa,332,1963,37.04169,-116.01564,8
usa,333,1963,37.15408,-116.07664,3
usa,336,1963,37.16336,-116.08064,1
usa,337,1963,37.06042,-116.02167,249
usa,338,1963,37.03731,-116.01569,0.08
usa,339,1963,37.15478,-116.07336,0.08
usa,340,1963,37.03733,-116.02117,8
usa,341,1963,37.11872,-116.03386,0.38
usa,342,1963,37.19817,-116.2295,60
usa,344,1963,39.2002,-118.3803,12
usa,345,1963,37.03953,-116.01842,9
usa,346,1963,37.13231,-116.04689,2
usa,347,1963,37.11933,-116.04517,20
usa,349,1963,37.03958,-116.02939,8
usa,350,1963,37.13103,-116.04389,5.3
usa,352,1964,37.14228,-116.04911,38
usa,353,1964,37.12642,-116.03633,10.5
usa,354,1964,37.13621,-116.07066,2
usa,356,1964,37.13202,-116.03234,1.5
usa,357,1964,37.05938,-116.03332,5
usa,359,1964,37.15089,-116.04011,70
usa,360,1964,37.12993,-116.03634,0.2
usa,361,1964,37.05047,-116.01147,2
usa,362,1964,37.12892,-116.02983,3
usa,363,1964,37.04392,-116.01836,2
usa,365,1964,37.14958,-116.05539,38
usa,366,1964,37.03956,-116.02664,15
usa,368,1964,37.11733,-116.03894,8
usa,369,1964,37.04169,-116.01222,6
usa,370,1964,37.14861,-116.076,3
usa,371,1964,37.03894,-116.01225,0.5
usa,372,1964,37.16599,-116.03841,0.15
usa,373,1964,37.11114,-116.02878,6
usa,374,1964,37.17442,-116.05639,11.7
usa,375,1964,37.18219,-116.04536,20
usa,378,1964,37.159,-116.08308,4.4
usa,379,1964,37.06533,-116.01544,18
usa,382,1964,37.01758,-116.02269,12
usa,383,1964,37.114,-116.025,0.2
usa,384,1964,37.07792,-116.0085,12
usa,385,1964,37.15133,-116.077,38
usa,386,1964,37.0395,-116.01567,7
usa,388,1964,31.1421,-89.5699,5.3
usa,391,1964,37.17436,-116.06703,12
usa,392,1964,37.11442,-116.05344,20
usa,393,1964,37.13428,-116.06975,3.4
usa,395,1964,37.03483,-116.01228,1.3
usa,398,1964,37.17781,-116.067,2.7
usa,399,1964,37.0825,-116.3425,0.092
usa,400,1965,37.119,-116.02478,7
usa,401,1965,37.04499,-116.01323,0.5
usa,402,1965,37.13075,-116.06158,4
usa,403,1965,37.16453,-116.07656,0.33
usa,404,1965,37.05164,-116.02381,10.1
usa,405,1965,36.817,-115.95,5
usa,407,1965,37.0645,-116.03719,51
usa,408,1965,37.11543,-116.02649,0.2
usa,409,1965,37.14761,-116.04289,38
usa,410,1965,37.02581,-116.02264,7
usa,411,1965,37.28039,-116.52356,4.3
usa,412,1965,37.008,-116.203,20
usa,413,1965,37.11142,-116.03049,1
usa,414,1965,37.01742,-115.99533,0.6
usa,415,1965,37.14036,-116.06664,7
usa,417,1965,36.82338,-115.96684,0.75
usa,418,1965,37.05883,-116.01053,12
usa,419,1965,37.11856,-116.02769,15
usa,420,1965,37.04281,-116.01703,1.3
usa,421,1965,37.11578,-116.02326,0.5
usa,422,1965,36.81806,-115.95606,4
usa,426,1965,37.09786,-116.033,67
usa,427,1965,37.01767,-116.03983,18
usa,428,1965,37.11263,-116.02602,0.25
usa,429,1965,37.13731,-116.07008,1
usa,430,1965,37.037,-116.015,2.5
usa,431,1965,37.023,-116.00897,9
usa,432,1965,37.11103,-116.03461,6
usa,433,1965,51.4381,179.1826,80
usa,434,1965,37.04997,-116.02208,7
usa,435,1965,37.16189,-116.07092,0.5
usa,436,1965,37.16475,-116.05233,120
usa,437,1965,37.14084,-116.06318,3
usa,438,1965,37.0726,-116.0291,51
usa,440,1966,37.09169,-116.01869,38
usa,441,1966,37.03733,-116.01843,4
usa,442,1966,37.03172,-116.01575,7
usa,443,1966,37.15721,-116.03869,0.15
usa,444,1966,37.12631,-116.06947,3.5
usa,445,1966,37.27183,-116.43383,19
usa,446,1966,37.1745,-116.20836,2
usa,447,1966,37.03739,-116.02939,5
usa,449,1966,37.14367,-116.05253,3
usa,450,1966,37.00925,-116.00908,7
usa,451,1966,37.11333,-116.03136,0.37
usa,453,1966,37.13953,-116.14086,5
usa,454,1966,37.01742,-115.99222,6
usa,455,1966,37.24267,-116.43086,70
usa,456,1966,37.16054,-116.08287,1.4
usa,457,1966,36.88744,-115.94072,5
usa,459,1966,37.13706,-116.13714,20
usa,460,1966,37.05061,-116.03786,12
usa,461,1966,37.348,-116.32194,73
usa,462,1966,37.13428,-116.07111,10
usa,463,1966,37.08686,-116.03344,120
usa,464,1966,37.11114,-116.05792,200
usa,465,1966,37.17839,-116.09775,22
usa,466,1966,37.2271,-116.0555,62
usa,467,1966,37.0684,-116.0353,160
usa,470,1966,37.17153,-116.04886,200
usa,471,1966,37.15531,-116.07217,25
usa,472,1966,37.31581,-116.29897,365
usa,473,1966,37.14033,-116.09886,1.2
usa,474,1966,37.16867,-116.04772,1
usa,476,1966,36.87694,-115.95061,7.8
usa,478,1966,37.16867,-116.04606,4
usa,480,1966,37.16994,-116.04722,2.3
usa,481,1966,37.13444,-116.04983,5
usa,482,1966,37.04278,-116.01033,7
usa,484,1966,31.1421,-89.5699,0.38
usa,485,1966,37.03479,-116.0068,1
usa,486,1966,36.87725,-115.93789,7
usa,487,1966,37.30206,-116.40831,870
usa,488,1967,37.16512,-116.04655,0.15
usa,489,1967,37.14367,-116.13519,39
usa,490,1967,37.09986,-116.00383,41
usa,491,1967,37.1648,-116.04806,0.8
usa,492,1967,37.16753,-116.04714,11
usa,493,1967,37.01753,-116.01586,4
usa,494,1967,37.12686,-116.06639,200
usa,495,1967,37.16586,-116.04869,2.5
usa,496,1967,37.03948,-116.01019,0.6
usa,500,1967,37.05439,-116.02222,1
usa,501,1967,37.01928,-116.03742,7
usa,502,1967,37.13878,-116.06319,0.8
usa,503,1967,37.07786,-115.99531,22
usa,504,1967,37.13039,-116.06394,250
usa,505,1967,37.27508,-116.36997,155
usa,506,1967,37.04502,-116.01905,
usa,507,1967,37.24794,-116.48017,76
usa,508,1967,37.12556,-116.02867,3.1
usa,509,1967,37.20211,-116.20783,20
usa,510,1967,37.02856,-116.02261,10
usa,512,1967,37.14872,-116.04853,22
usa,513,1967,37.02439,-116.01237,1.5
usa,515,1967,37.01217,-116.03647,18
usa,516,1967,37.16273,-116.07416,0.8
usa,517,1967,37.17756,-116.20894,20
usa,518,1967,37.15317,-116.05278,22
usa,520,1967,37.166,-116.03842,2.2
usa,521,1967,37.09878,-116.05322,160
usa,522,1967,37.11558,-116.05761,160
usa,523,1967,37.03161,-116.02636,9
usa,526,1967,37.09181,-116.03581,20
usa,527,1967,37.15927,-116.05295,0.2
usa,528,1967,36.6778,-107.2083,29
usa,529,1967,37.03669,-116.002,2
usa,530,1968,37.14558,-116.06567,7.4
usa,531,1968,37.1564,-116.0539,50
usa,532,1968,38.6343,-116.2153,1000
usa,534,1968,37.28086,-116.51444,2.3
usa,535,1968,37.00102,-116.00915,4
usa,537,1968,37.11656,-116.05369,200
usa,538,1968,37.18461,-116.21144,20
usa,540,1968,37.0075,-116.36997,1.08
usa,541,1968,37.00764,-116.37045,1.08
usa,542,1968,37.00778,-116.37093,1.08
usa,543,1968,37.00793,-116.37141,1.08
usa,544,1968,37.00808,-116.37189,1.08
usa,545,1968,37.04772,-116.01081,1.5
usa,546,1968,37.33261,-116.31067,120
usa,547,1968,36.87172,-115.93114,10
usa,549,1968,37.15439,-116.07886,20
usa,550,1968,37.157,-116.083,2
usa,551,1968,37.15253,-116.037,20
usa,552,1968,37.33772,-116.37558,6
usa,553,1968,37.29542,-116.45569,1300
usa,554,1968,37.02854,-116.01988,2
usa,555,1968,37.15733,-116.03492,1
usa,556,1968,37.12006,-116.05883,20
usa,558,1968,37.03484,-116.01606,1.5
usa,564,1968,37.26492,-116.31464,200
usa,567,1968,37.2455,-116.48286,58
usa,568,1968,37.00096,-115.99888,1.5
usa,569,1968,37.13322,-116.08225,20
usa,570,1968,37.16179,-116.07719,0.35
usa,571,1968,37.12373,-116.04822,1
usa,572,1968,36.87722,-115.93108,9
usa,573,1968,37.25033,-116.34689,200
usa,574,1968,37.13606,-116.04717,120
usa,575,1968,37.03178,-116.01164,20
usa,576,1968,37.11986,-116.12747,31
usa,577,1968,37.2048,-116.2064,20
usa,579,1968,37.02592,-115.99283,3
usa,580,1968,37.13331,-116.04231,1
usa,581,1968,37.11326,-116.04093,0.25
usa,582,1968,37.04703,-116.02947,1
usa,584,1968,37.01709,-116.03573,7
usa,585,1968,37.13048,-116.08651,22
usa,588,1968,37.04766,-115.99984,1
usa,589,1968,37.02614,-116.03325,8
usa,590,1968,37.00983,-116.20642,16
usa,591,1968,37.13992,-116.04225,3
usa,592,1968,37.34342,-116.56586,30
usa,593,1968,37.04704,-116.0302,
usa,594,1968,37.12082,-116.08056,20
usa,595,1968,37.118,-116.08,3
usa,596,1968,37.118,-116.078,2
usa,597,1968,37.121,-116.079,1
usa,598,1968,37.12,-116.077,3
usa,599,1968,37.119,-116.083,4
usa,600,1968,37.00393,-116.03926,1
usa,601,1968,37.23147,-116.47358,1150
usa,602,1969,37.14792,-116.06567,10
usa,603,1969,37.20914,-116.22539,40
usa,604,1969,37.01549,-115.9943,2
usa,605,1969,37.05331,-116.02925,20
usa,608,1969,37.00944,-116.0423,0.6
usa,609,1969,37.16906,-116.21072,15
usa,611,1969,37.16228,-116.07588,0.8
usa,612,1969,37.022,-116.03019,10
usa,613,1969,37.13322,-116.08667,26
usa,614,1969,37.16397,-116.07964,0.8
usa,616,1969,37.09028,-116.00564,38
usa,617,1969,37.0815,-116.01394,51
usa,618,1969,37.28289,-116.50064,90
usa,619,1969,37.01187,-115.98508,2
usa,622,1969,37.07511,-115.99531,22
usa,623,1969,37.00883,-116.03031,10
usa,624,1969,37.16248,-116.07862,2
usa,625,1969,37.161,-116.08,3
usa,626,1969,37.11943,-116.05512,20
usa,627,1969,37.13953,-116.08744,120
usa,628,1969,37.16024,-116.06361,1
usa,629,1969,37.158,-116.065,1
usa,630,1969,37.0215,-116.03808,10
usa,632,1969,39.4058,-107.9481,40
usa,633,1969,36.87722,-115.9285,5
usa,634,1969,37.31414,-116.46067,800
usa,635,1969,37.159,-116.069,0.8
usa,636,1969,37.157,-116.067,1
usa,640,1969,51.4171,179.1823,1000
usa,641,1969,37.25672,-116.44075,200
usa,643,1969,37.1215,-116.12775,11
usa,644,1969,37.14021,-116.1305,16.7
usa,648,1969,37.14331,-116.06383,110
usa,649,1969,37.16463,-116.07483,1.7
usa,650,1969,37.03119,-116.00206,22
usa,651,1969,37.04816,-116.02273,20
usa,652,1969,37.17997,-116.21086,20
usa,655,1969,37.168,-116.08,2.5
usa,656,1969,37.169,-116.08,2
usa,657,1969,37.168,-116.078,2
usa,658,1969,37.169,-116.078,3
usa,659,1969,37.08381,-116.00158,89
usa,660,1969,37.00658,-116.02281,16
usa,661,1969,37.12047,-116.03478,38
usa,663,1970,37.141,-116.038,8
usa,666,1970,37.03083,-116.03475,20
usa,667,1970,37.09808,-116.0265,120
usa,668,1970,37.05502,-116.03884,97
usa,669,1970,37.16397,-116.03883,25
usa,670,1970,37.20128,-116.20522,12
usa,671,1970,37.03667,-115.99958,51
usa,672,1970,37.11636,-116.06144,70
usa,673,1970,37.114,-116.067,20
usa,674,1970,37.118,-116.067,30
usa,675,1970,37.02311,-116.09175,8.7
usa,676,1970,37.14,-116.032,3.5
usa,679,1970,37.00108,-116.02286,6
usa,680,1970,37.08622,-116.02111,89
usa,681,1970,37.30047,-116.53411,1900
usa,682,1970,37.05489,-115.98811,12.7
usa,683,1970,37.112,-116.083,20
usa,684,1970,37.11558,-116.08011,20
usa,685,1970,37.05922,-116.02817,1
usa,686,1970,37.138,-116.032,
usa,687,1970,37.136,-116.035,9
usa,688,1970,37.133,-116.03408,4
usa,689,1970,37.21653,-116.18406,20
usa,690,1970,37.01044,-116.20189,
usa,691,1970,37.166,-116.036,45
usa,692,1970,37.16192,-116.03886,40
usa,693,1970,37.02886,-115.99194,1
usa,694,1970,37.07081,-116.013,29
usa,695,1970,37.1826,-116.2134,9
usa,696,1970,37.113,-116.063,105
usa,697,1970,37.118,-116.064,0.09
usa,698,1970,37.11619,-116.0667,0.035
usa,699,1970,37.13847,-116.02992,2.5
usa,700,1970,37.14398,-116.03262,0.8
usa,702,1970,37.11392,-116.08614,3.5
usa,703,1970,37.117,-116.085,2
usa,704,1970,37.13745,-116.03404,1
usa,705,1970,37.134,-116.032,2
usa,707,1970,37.0707,-116.0051,89
usa,710,1970,37.015,-116.02,8
usa,711,1970,37.02947,-116.01181,20
usa,712,1970,37.01479,-116.01588,2
usa,714,1970,37.002,-116.03791,0.1
usa,716,1970,37.10017,-116.00794,45
usa,720,1970,37.14289,-116.034,20
usa,721,1970,37.12914,-116.083,220
usa,722,1970,37.17314,-116.09886,10
usa,723,1971,37.03317,-116.01367,18
usa,725,1971,37.02197,-116.02267,20
usa,726,1971,37.14669,-116.06683,38
usa,727,1971,37.17678,-116.21149,20
usa,729,1971,37.11011,-116.05142,83
usa,730,1971,37.16445,-116.03273,0.25
usa,731,1971,37.01438,-115.99193,0.25
usa,736,1971,37.05719,-116.03633,67
usa,737,1971,37.022,-116.02,0.5
usa,741,1971,37.01103,-116.00733,4
usa,743,1971,37.11378,-116.03733,7
usa,744,1971,37.17978,-116.05309,5
usa,745,1971,51.4719,179.1069,4800
usa,746,1971,36.87922,-115.93469,4
usa,747,1971,37.16045,-116.07023,10
usa,748,1971,37.12394,-116.08956,24
usa,749,1971,37.02585,-116.02915,11
usa,750,1971,37.02325,-116.05863,5
usa,752,1972,37.00108,-116.01943,2
usa,753,1972,37.1657,-116.05624,3.5
usa,754,1972,37.11305,-116.08082,4
usa,756,1972,37.00547,-116.02008,8
usa,757,1972,37.12194,-116.08383,8
usa,759,1972,37.2077,-116.2088,19
usa,760,1972,37.11249,-116.0845,0.5
usa,761,1972,37.12056,-116.08789,8
usa,762,1972,37.06469,-116.00175,12
usa,763,1972,37.11589,-116.08533,0.8
usa,764,1972,36.99296,-116.09063,0.6
usa,766,1972,37.1352,-116.03527,6
usa,767,1972,37.21453,-116.18336,21
usa,768,1972,37.01249,-116.01505,1.5
usa,772,1972,37.08206,-116.03656,160
usa,773,1972,37.12136,-116.08572,15
usa,774,1972,37.16204,-116.03316,0.6
usa,775,1972,37.12144,-116.03233,0.6
usa,778,1972,37.0313,-116.02123,0.2
usa,780,1972,37.1399,-116.0833,20
usa,784,1973,37.10358,-116.02672,67
usa,785,1973,37.11727,-116.08703,0.2
usa,787,1973,37.00483,-116.02844,9
usa,788,1973,36.994,-116.022,8
usa,789,1973,37.01215,-116.01997,0.5
usa,790,1973,37.12306,-116.0585,90
usa,792,1973,39.793,-108.368,33
usa,793,1973,39.793,-108.367,33
usa,794,1973,39.793,-108.368,33
usa,795,1973,37.07805,-116.03077,15
usa,796,1973,37.16223,-116.05597,2
usa,797,1973,37.18503,-116.21511,18
usa,798,1973,37.2451,-116.346,250
usa,799,1973,37.09204,-116.02723,S    58
usa,800,1973,37.14842,-116.08586,24
usa,801,1973,37.11491,-116.04092,0.005
usa,803,1973,37.15391,-116.06771,1
usa,804,1973,37.20039,-116.20317,8
usa,805,1973,37.01099,-116.02448,5
usa,806,1973,36.99149,-116.02413,5
usa,809,1973,37.00114,-116.03141,0.3
usa,813,1974,37.10426,-116.05284,150
usa,816,1974,37.15997,-116.07641,0.5
usa,819,1974,37.11481,-116.0747,2.5
usa,820,1974,37.00384,-116.02351,4
usa,821,1974,37.21031,-116.20726,20
usa,822,1974,37.07503,-116.03182,150
usa,823,1974,37.119,-116.086,2
usa,825,1974,37.02341,-116.03636,5
usa,826,1974,37.15248,-116.08333,160
usa,827,1974,37.01212,-116.03029,5
usa,828,1974,37.09321,-116.09476,0.2
usa,829,1974,37.13263,-116.06839,100
usa,834,1974,37.0113,-116.01763,4
usa,835,1975,37.17841,-116.05156,0.35
usa,837,1975,37.11412,-116.02104,6
usa,839,1975,37.1062,-116.05625,160
usa,840,1975,37.13401,-116.08424,89
usa,841,1975,37.18792,-116.21388,20
usa,842,1975,37.11567,-116.08739,20
usa,843,1975,37.10886,-116.0288,38
usa,844,1975,37.22078,-116.47416,380
usa,845,1975,37.3401,-116.5229,200
usa,846,1975,37.09483,-116.03611,140
usa,849,1975,37.35035,-116.32022,520
usa,850,1975,37.27893,-116.36858,750
usa,851,1975,37.02365,-116.02831,7
usa,852,1975,37.22164,-116.17969,15
usa,853,1975,37.29005,-116.41155,1000
usa,854,1975,37.02031,-116.02063,5
usa,855,1975,37.22496,-116.36756,500
usa,856,1975,37.11726,-116.01888,5
usa,857,1975,37.12765,-116.06157,160
usa,858,1976,37.29655,-116.33319,800
usa,859,1976,37.06926,-116.03016,150
usa,860,1976,37.10659,-116.03742,160
usa,861,1976,37.27141,-116.48844,900
usa,862,1976,37.24264,-116.42021,350
usa,863,1976,37.02852,-116.01577,2.5
usa,864,1976,37.30996,-116.36422,350
usa,865,1976,37.30599,-116.47148,800
usa,866,1976,37.25589,-116.32858,500
usa,867,1976,37.10728,-116.05248,210
usa,868,1976,37.2091,-116.2125,20
usa,869,1976,37.1372,-116.06658,0.6
usa,870,1976,37.07537,-116.04382,58
usa,871,1976,37.13456,-116.06228,0.6
usa,873,1976,37.17171,-116.05267,2
usa,874,1976,37.07926,-116.00162,20
usa,875,1976,37.12391,-116.06746,11
usa,877,1976,37.10049,-116.03646,89
usa,878,1977,37.007,-116.032,3
usa,879,1977,37.01349,-116.02857,8
usa,880,1977,37.17619,-116.05295,0.8
usa,882,1977,37.12023,-116.06228,140
usa,883,1977,37.09479,-116.02788,67
usa,884,1977,37.09433,-116.04486,51
usa,886,1977,37.09758,-116.10397,0.6
usa,887,1977,37.08657,-116.00687,44
usa,889,1977,37.14516,-116.04909,0.6
usa,890,1977,37.14672,-116.06311,1.5
usa,891,1977,37.01762,-116.03161,0.2
usa,892,1977,37.11003,-116.05451,120
usa,893,1977,37.03279,-116.04314,6
usa,894,1977,37.15117,-116.06756,20
usa,895,1977,37.0076,-116.0167,5
usa,896,1977,37.1878,-116.213,10
usa,897,1977,37.07211,-116.05001,150
usa,898,1977,37.02061,-116.02508,10
usa,899,1977,37.01755,-116.01791,0.8
usa,900,1977,37.13587,-116.08603,150
usa,901,1978,37.12612,-116.03174,0.8
usa,902,1978,37.12368,-116.06383,120
usa,903,1978,37.08517,-116.08162,1.5
usa,905,1978,37.1018,-116.0511,120
usa,906,1978,37.23349,-116.36847,100
usa,908,1978,37.08778,-116.05263,0
usa,909,1978,37.02065,-116.03193,0.6
usa,910,1978,37.11179,-116.07713,1.5
usa,911,1978,37.0787,-116.0438,99
usa,912,1978,37.27593,-116.35734,140
usa,913,1978,37.2088,-116.2108,8
usa,914,1978,37.17101,-116.08716,0.25
usa,916,1978,37.07387,-116.01983,25
usa,917,1978,37.0798,-116.05132,150
usa,918,1978,37.28794,-116.29749,2.5
usa,919,1978,37.02967,-116.02413,0.6
usa,920,1978,37.27339,-116.41028,140
usa,921,1979,37.1054,-116.0117,6
usa,922,1979,37.10248,-116.05484,89
usa,923,1979,37.15201,-116.07184,20
usa,924,1979,37.02783,-116.03975,5
usa,925,1979,36.99818,-116.01774,5
usa,926,1979,37.28969,-116.45525,100
usa,927,1979,37.10763,-116.01509,1.5
usa,928,1979,37.1433,-116.08752,22
usa,929,1979,37.08395,-116.06989,20
usa,930,1979,37.01475,-116.00801,20
usa,931,1979,37.08811,-116.05278,140
usa,932,1979,37.155,-116.039,5
usa,933,1979,37.22906,-116.36405,140
usa,934,1979,36.99396,-116.02411,0.8
usa,936,1980,37.12655,-116.08851,5
usa,937,1980,37.17994,-116.08311,1
usa,938,1980,37.14988,-116.08226,20
usa,939,1980,37.10112,-116.03053,89
usa,940,1980,37.05601,-116.01895,6
usa,942,1980,37.28166,-116.45385,140
usa,943,1980,37.0233,-116.0341,6
usa,944,1980,37.25633,-116.4774,140
usa,945,1980,37.01304,-116.02275,3.5
usa,946,1980,37.05616,-116.04809,20
usa,947,1980,37.11586,-116.06457,1.07
usa,948,1980,37.2113,-116.2054,10
usa,949,1980,37.11149,-116.01866,2
usa,950,1981,37.08709,-116.04475,99
usa,954,1981,37.10184,-116.00406,2.5
usa,955,1981,37.3034,-116.3256,140
usa,956,1981,37.1286,-116.03378,4
usa,959,1981,37.16042,-116.06652,4
usa,960,1981,37.05809,-116.04807,1
usa,962,1981,37.0816,-116.0088,38
usa,963,1981,37.07632,-116.06849,29
usa,964,1981,37.14843,-116.07084,20
usa,965,1981,37.1145,-116.1229,5
usa,966,1982,37.09134,-116.05123,139
usa,967,1982,37.22433,-116.46265,80
usa,968,1982,37.348,-116.3161,140
usa,969,1982,37.01682,-116.00987,6
usa,970,1982,37.11684,-116.12691,3.5
usa,971,1982,37.06906,-116.04546,99
usa,973,1982,37.23622,-116.37018,140
usa,974,1982,37.10231,-116.07497,20
usa,975,1982,37.0842,-116.00655,138
usa,978,1982,37.212,-116.2068,20
usa,980,1982,37.17475,-116.08779,20
usa,981,1982,37.09131,-116.04489,1
usa,982,1982,37.0237,-116.0321,5
usa,983,1982,37.0302,-116.0719,20
usa,985,1983,37.1628,-116.0633,1.5
usa,986,1983,37.3007,-116.46,45
usa,987,1983,37.0728,-116.046,84
usa,988,1983,37.146,-116.09,6
usa,989,1983,37.209,-116.206,4
usa,990,1983,37.1029,-116.0057,6
usa,991,1983,37.15762,-116.08923,6
usa,992,1983,37.119,-116.0889,2.5
usa,993,1983,36.9977,-116.0027,5
usa,994,1983,37.193,-116.035,2
usa,995,1983,37.2728,-116.355,143
usa,997,1983,37.121,-116.056,0.6
usa,998,1983,37.121,-116.056,2
usa,999,1983,37.1056,-116.0494,2
usa,1001,1983,37.013,-116.047,1.5
usa,1002,1983,37.1405,-116.0721,29
usa,1003,1984,37.1127,-116.1217,20
usa,1004,1984,37.2214,-116.1811,20
usa,1005,1984,37.0658,-116.0463,150
usa,1006,1984,37.14644,-116.08406,6
usa,1007,1984,37.19848,-116.05397,0.25
usa,1008,1984,37.09251,-116.09322,0.8
usa,1009,1984,37.10313,-116.04805,120
usa,1010,1984,37.00038,-116.04306,20
usa,1011,1984,37.19199,-116.03438,0.5
usa,1012,1984,37.26777,-116.41064,80
usa,1013,1984,37.0171,-116.0076,10
usa,1015,1984,37.08979,-115.99937,20
usa,1016,1984,37.08669,-116.07118,33
usa,1017,1984,37.08523,-116.05281,2.5
usa,1018,1984,37.0001,-116.0174,5
usa,1019,1984,37.28136,-116.30541,80
usa,1020,1984,37.012,-116.046,2.5
usa,1021,1985,37.0581,-116.0453,20
usa,1022,1985,37.17998,-116.08896,60
usa,1023,1985,37.0948,-116.0323,150
usa,1024,1985,37.20083,-116.20718,15
usa,1025,1985,37.25341,-116.32521,150
usa,1026,1985,37.24786,-116.48906,100
usa,1027,1985,37.08831,-116.08394,8
usa,1028,1985,37.1241,-116.12199,3.5
usa,1029,1985,37.29725,-116.43807,45
usa,1030,1985,37.11108,-116.01438,
usa,1031,1985,37.0023,-116.043,8
usa,1032,1985,37.0898,-116.0018,10
usa,1033,1985,37.20916,-116.20512,0.075
usa,1034,1985,37.20967,-116.21009,2.5
usa,1035,1985,37.10995,-116.12138,20
usa,1036,1985,37.05061,-116.03614,0.01
usa,1037,1985,37.23781,-116.47274,60
usa,1038,1986,37.083,-116.0661,29
usa,1039,1986,37.21833,-116.18311,20
usa,1040,1986,37.01166,-116.04605,1.5
usa,1041,1986,37.26412,-116.4402,80
usa,1042,1986,37.12503,-116.05944,1
usa,1043,1986,37.09829,-116.0155,67
usa,1044,1986,37.2787,-116.3556,119
usa,1045,1986,37.14275,-116.07112,8
usa,1046,1986,37.23973,-116.36776,0.35
usa,1047,1986,37.06908,-116.04969,0.1
usa,1048,1986,37.30008,-116.30743,140
usa,1049,1986,37.22021,-116.46163,140
usa,1050,1986,37.10043,-116.04807,120
usa,1051,1986,37.26296,-116.41168,140
usa,1055,1987,37.0107,-116.0447,6
usa,1056,1987,37.21024,-116.20857,3.5
usa,1057,1987,37.24789,-116.50914,100
usa,1058,1987,36.98314,-116.00458,2.5
usa,1059,1987,37.23305,-116.42312,100
usa,1062,1987,36.9986,-116.0431,8
usa,1063,1987,37.061,-116.0453,150
usa,1064,1987,37.22799,-116.37471,150
usa,1065,1987,37.1419,-116.0787,38
usa,1067,1987,37.23465,-116.16338,2
usa,1068,1988,37.31444,-116.47148,60
usa,1069,1988,37.01316,-116.04433,2
usa,1070,1988,37.12442,-116.0721,16
usa,1071,1988,37.0325,-115.9873,3.5
usa,1072,1988,37.26014,-116.44108,80
usa,1075,1988,37.25244,-116.37668,150
usa,1076,1988,37.29716,-116.30654,140
usa,1077,1988,36.991,-116.019,2
usa,1079,1988,37.08593,-116.06852,33
usa,1080,1988,37.089,-116.04926,150
usa,1083,1988,37.175,-116.093,3
usa,1085,1988,37.199,-116.2094,25
usa,1086,1989,37.07678,-116.00061,67
usa,1087,1989,37.12849,-116.12196,5
usa,1089,1989,37.14283,-116.06694,33
usa,1090,1989,37.10761,-116.12089,5
usa,1092,1989,37.10761,-116.12089,8
usa,1093,1989,37.08587,-116.05513,0.5
usa,1094,1989,37.28288,-116.41231,60
usa,1095,1989,37.27546,-116.35356,20
usa,1096,1989,37.23589,-116.1629,10
usa,1097,1989,37.2631,-116.49072,150
usa,1101,1990,37.11251,-116.05518,44
usa,1102,1990,37.06767,-115.99213,0.1
usa,1103,1990,37.2616,-116.42012,150
usa,1104,1990,36.99284,-116.00449,2
usa,1105,1990,37.20687,-116.21426,10
usa,1110,1990,37.24786,-116.49421,140
usa,1111,1991,37.10436,-116.07403,3.5
usa,1112,1991,37.10436,-116.07403,8
usa,1114,1991,37.29608,-116.3129,140
usa,1115,1991,37.24544,-116.44163,80
usa,1116,1991,37.08733,-116.00179,3
usa,1117,1991,37.22564,-116.42813,100
usa,1118,1991,37.23573,-116.16643,1.5
usa,1119,1991,37.06343,-116.04529,53
usa,1120,1992,37.27246,-116.35976,100
usa,1121,1992,37.23418,-116.15735,3
usa,1122,1992,37.00542,-116.01014,0.08
usa,1127,1992,37.02068,-115.98791,5
uk,1,1952,-20.397,115.5584,25
uk,2,1953,-28.6985,132.3716,10
uk,3,1953,-28.7123,132.3773,8
uk,4,1956,-20.3819,115.5479,15
uk,5,1956,-20.4061,115.5361,98
uk,6,1956,-29.8688,131.6594,15
uk,7,1956,-29.8818,131.6247,1.5
uk,8,1956,-29.888,131.65,3
uk,9,1956,-29.8929,131.6048,10
uk,10,1957,-4.05,-154.9,300
uk,11,1957,-4.05,-154.9,720
uk,12,1957,-4.05,-154.9,200
uk,13,1957,-29.8898,131.6467,0.93
uk,14,1957,-29.8926,131.6176,6
uk,15,1957,-29.8948,131.5916,26.6
uk,16,1957,1.67,-157.25,1800
uk,17,1958,1.67,-157.25,3000
uk,18,1958,1.67,-157.25,24
uk,19,1958,1.67,-157.25,1000
uk,20,1958,1.67,-157.25,800
uk,21,1958,1.67,-157.25,25
uk,22,1962,37.04128,-116.02867,9.5
uk,23,1962,37.05175,-116.02931,10
uk,24,1964,37.01761,-116.02956,2
uk,25,1964,37.07247,-116.01539,0
uk,26,1965,37.07797,-116.01672,29
uk,27,1974,37.12449,-116.07888,20
uk,28,1976,37.12501,-116.082,51
uk,29,1978,37.29963,-116.3267,67
uk,30,1978,37.12687,-116.08387,38
uk,31,1979,37.12122,-116.06659,20
uk,32,1980,37.24843,-116.4224,140
uk,33,1980,37.07458,-115.99926,10
uk,34,1980,37.32478,-116.31173,35
uk,35,1981,37.10815,-116.04898,77
uk,36,1982,37.25584,-116.42236,89
uk,37,1983,37.1115,-116.0224,1.5
uk,38,1984,37.10622,-116.02238,77
uk,39,1984,37.27008,-116.49758,103
uk,40,1985,37.05327,-116.04537,110
uk,41,1986,37.26459,-116.49931,89
uk,42,1987,37.10355,-116.02335,20
uk,43,1989,37.23109,-116.40939,120
uk,44,1990,37.22742,-116.37124,103
uk,45,1991,37.09649,-116.06961,11
prc,1,1964,42.35,88.3,22
prc,2,1965,41.5,88.5,35
prc,3,1966,41.5,88.5,250
prc,4,1966,41.5,88.5,12
prc,5,1966,41.5,88.5,300
prc,6,1967,40.744,89.775,3300
prc,7,1967,41.5,88.5,20
prc,8,1968,41.5,88.5,3000
prc,9,1969,41.376,88.318,19.2
prc,10,1969,40.722,89.515,3000
prc,11,1970,40.52,89.779,3400
prc,12,1971,41.5,88.5,20
prc,13,1972,41.5,88.5,8
prc,14,1972,41.5,88.5,170
prc,15,1973,40.7985,89.8091,3000
prc,16,1974,40.518,89.619,1000
prc,17,1975,41.375,88.326,2.5
prc,19,1976,41.5,88.5,200
prc,20,1976,41.708,88.37,2.6
prc,21,1976,40.696,89.627,4000
prc,23,1978,41.5,88.5,11
prc,24,1978,41.523,88.722,3.4
prc,26,1979,41.5,88.5,1
prc,28,1980,40.719,89.651,1000
prc,29,1982,41.5,88.5,7
prc,30,1983,41.679,88.368,1
prc,33,1984,41.737,88.425,15
prc,34,1987,41.518,88.713,250
prc,35,1988,41.768,88.38,3
prc,37,1990,41.514,88.739,189
prc,38,1992,41.513,88.774,660
prc,39,1992,41.716,88.336,8
prc,40,1992,41.5,88.5,1
prc,41,1993,41.667,88.695,80
prc,42,1994,41.53,88.71,90
prc,43,1994,41.66,88.75,90
prc,44,1995,41.6,88.82,95
prc,45,1995,41.56,88.8,90
prc,46,1996,41.66,88.69,50
prc,48,1996,41.82,88.42,3